Project_ID,Name,Category,Email
1,lauraali725's Project 1,machine learning,laura.ali47@yahoo.com
2,aidenkowalski256's Project 1,machine learning,aiden.kowalski16@yahoo.com
3,aidenkowalski256's Project 2,analytics,aiden.kowalski16@yahoo.com
4,mohamedsingh433's Project 1,machine learning,mohamed.singh34@protonmail.com
5,mohamedsingh433's Project 2,machine learning,mohamed.singh34@protonmail.com
6,aidentanaka869's Project 1,field research,aiden.tanaka24@yahoo.com
7,aidenpark969's Project 1,machine learning,aiden.park43@icloud.com
8,aidenpark969's Project 2,field research,aiden.park43@icloud.com
9,aidenjones637's Project 1,analytics,aiden.jones77@yahoo.com
10,aidenjones637's Project 2,field research,aiden.jones77@yahoo.com
11,rajreyes244's Project 1,machine learning,raj.reyes25@gmail.com
12,rajreyes244's Project 2,analytics,raj.reyes25@gmail.com
13,junlee358's Project 1,analytics,jun.lee17@protonmail.com
14,sofiasmith110's Project 1,machine learning,sofia.smith28@icloud.com
15,sofiasmith110's Project 2,analytics,sofia.smith28@icloud.com
16,ivandubois252's Project 1,field research,ivan.dubois86@gmail.com
17,jamesmartin839's Project 1,machine learning,james.martin19@icloud.com
18,jamesmartin839's Project 2,analytics,james.martin19@icloud.com
19,masonsingh982's Project 1,field research,mason.singh73@yahoo.com
20,masonsingh982's Project 2,machine learning,mason.singh73@yahoo.com
21,alijones55's Project 1,analytics,ali.jones52@gmail.com
22,meiali823's Project 1,field research,mei.ali9@icloud.com
23,miathomas775's Project 1,field research,mia.thomas17@icloud.com
24,miathomas775's Project 2,machine learning,mia.thomas17@icloud.com
25,meipark118's Project 1,machine learning,mei.park33@outlook.com
26,alipark432's Project 1,field research,ali.park89@hotmail.com
27,leilakim778's Project 1,field research,leila.kim48@icloud.com
28,loganwalker126's Project 1,analytics,logan.walker67@outlook.com
29,fatimankosi789's Project 1,machine learning,fatima.nkosi32@protonmail.com
30,amarajackson908's Project 1,field research,amara.jackson42@icloud.com
31,amarajackson908's Project 2,field research,amara.jackson42@icloud.com
32,zoemoreno490's Project 1,analytics,zoe.moreno11@outlook.com
33,zoereyes173's Project 1,analytics,zoe.reyes37@hotmail.com
34,zoereyes173's Project 2,analytics,zoe.reyes37@hotmail.com
35,jacksonwhite811's Project 1,field research,jackson.white69@icloud.com
36,leiladavis516's Project 1,machine learning,leila.davis31@outlook.com
37,leiladavis516's Project 2,analytics,leila.davis31@outlook.com
38,miawalker102's Project 1,analytics,mia.walker14@protonmail.com
39,miawalker102's Project 2,field research,mia.walker14@protonmail.com
40,ninathomas802's Project 1,machine learning,nina.thomas44@yahoo.com
41,ninathomas802's Project 2,analytics,nina.thomas44@yahoo.com
42,saramartin143's Project 1,field research,sara.martin51@icloud.com
43,alilee351's Project 1,analytics,ali.lee15@hotmail.com
44,alilee351's Project 2,machine learning,ali.lee15@hotmail.com
45,fatimankosi176's Project 1,machine learning,fatima.nkosi95@hotmail.com
46,isabelladubois510's Project 1,field research,isabella.dubois47@hotmail.com
47,miawilson317's Project 1,field research,mia.wilson12@gmail.com
48,lucaswilliams28's Project 1,machine learning,lucas.williams54@hotmail.com
49,amarankosi102's Project 1,analytics,amara.nkosi17@icloud.com
50,amarankosi102's Project 2,machine learning,amara.nkosi17@icloud.com
51,avataylor23's Project 1,field research,ava.taylor37@gmail.com
52,avataylor23's Project 2,analytics,ava.taylor37@gmail.com
53,hannahthompson825's Project 1,machine learning,hannah.thompson64@hotmail.com
54,hannahthompson825's Project 2,field research,hannah.thompson64@hotmail.com
55,loganlopez446's Project 1,machine learning,logan.lopez1@outlook.com
56,ivannkosi738's Project 1,analytics,ivan.nkosi21@icloud.com
57,ivannkosi738's Project 2,machine learning,ivan.nkosi21@icloud.com
58,ethanwilliams925's Project 1,field research,ethan.williams60@icloud.com
59,ethanwilliams925's Project 2,field research,ethan.williams60@icloud.com
60,isabellajohnson168's Project 1,field research,isabella.johnson75@protonmail.com
61,isabellajohnson168's Project 2,field research,isabella.johnson75@protonmail.com
62,sofiawhite820's Project 1,machine learning,sofia.white98@hotmail.com
63,sofiawhite820's Project 2,machine learning,sofia.white98@hotmail.com
64,weimuller985's Project 1,field research,wei.muller27@outlook.com
65,mateobrown654's Project 1,machine learning,mateo.brown98@outlook.com
66,emmadubois875's Project 1,machine learning,emma.dubois78@yahoo.com
67,sofiagarcia966's Project 1,field research,sofia.garcia21@hotmail.com
68,sofiagarcia966's Project 2,analytics,sofia.garcia21@hotmail.com
69,oliverdubois401's Project 1,machine learning,oliver.dubois74@protonmail.com
70,oliverdubois401's Project 2,analytics,oliver.dubois74@protonmail.com
71,fatimachen707's Project 1,field research,fatima.chen80@gmail.com
72,carloswilson782's Project 1,machine learning,carlos.wilson74@yahoo.com
73,carloswilson782's Project 2,field research,carlos.wilson74@yahoo.com
74,tariqtaylor618's Project 1,field research,tariq.taylor1@yahoo.com
75,tariqtaylor618's Project 2,machine learning,tariq.taylor1@yahoo.com
76,jacksondavis778's Project 1,analytics,jackson.davis60@hotmail.com
77,jacksondavis778's Project 2,machine learning,jackson.davis60@hotmail.com
78,loganwilliams901's Project 1,analytics,logan.williams1@gmail.com
79,loganwilliams901's Project 2,machine learning,logan.williams1@gmail.com
80,alimartinez403's Project 1,field research,ali.martinez38@yahoo.com
81,amarakowalski891's Project 1,field research,amara.kowalski26@gmail.com
82,amarakowalski891's Project 2,field research,amara.kowalski26@gmail.com
83,ivantaylor270's Project 1,field research,ivan.taylor80@outlook.com
84,aidenwhite932's Project 1,field research,aiden.white96@outlook.com
85,aidenwhite932's Project 2,analytics,aiden.white96@outlook.com
86,emmamartinez652's Project 1,analytics,emma.martinez59@yahoo.com
87,chloeahmed639's Project 1,analytics,chloe.ahmed45@outlook.com
88,tariqwalker896's Project 1,analytics,tariq.walker98@gmail.com
89,tariqwalker896's Project 2,machine learning,tariq.walker98@gmail.com
90,isabellamartinez318's Project 1,analytics,isabella.martinez76@icloud.com
91,loganali575's Project 1,machine learning,logan.ali24@yahoo.com
92,ethantanaka812's Project 1,field research,ethan.tanaka98@yahoo.com
93,ethantanaka812's Project 2,analytics,ethan.tanaka98@yahoo.com
94,chloepetrov695's Project 1,machine learning,chloe.petrov45@icloud.com
95,diegowilliams869's Project 1,machine learning,diego.williams8@outlook.com
96,rajpatel471's Project 1,analytics,raj.patel12@protonmail.com
97,priyaahmed695's Project 1,field research,priya.ahmed14@hotmail.com
98,miajackson764's Project 1,machine learning,mia.jackson30@gmail.com
99,emmaali498's Project 1,machine learning,emma.ali54@gmail.com
100,mateodiallo633's Project 1,analytics,mateo.diallo28@outlook.com
101,amaralopez593's Project 1,analytics,amara.lopez98@yahoo.com
102,rajahmed823's Project 1,field research,raj.ahmed52@yahoo.com
103,avaanderson497's Project 1,field research,ava.anderson36@outlook.com
104,masontaylor844's Project 1,machine learning,mason.taylor21@yahoo.com
105,masontaylor844's Project 2,field research,mason.taylor21@yahoo.com
106,diegolee461's Project 1,field research,diego.lee49@outlook.com
107,diegolee461's Project 2,analytics,diego.lee49@outlook.com
108,ethankim159's Project 1,machine learning,ethan.kim7@hotmail.com
109,sofiatanaka37's Project 1,field research,sofia.tanaka97@outlook.com
110,fatimamoreno169's Project 1,machine learning,fatima.moreno57@protonmail.com
111,liamrossi307's Project 1,field research,liam.rossi65@hotmail.com
112,junwilson184's Project 1,analytics,jun.wilson34@yahoo.com
113,junwilson184's Project 2,analytics,jun.wilson34@yahoo.com
114,junmoreno780's Project 1,analytics,jun.moreno8@yahoo.com
115,avaanderson206's Project 1,field research,ava.anderson19@protonmail.com
116,avaanderson206's Project 2,analytics,ava.anderson19@protonmail.com
117,sofiawilliams103's Project 1,machine learning,sofia.williams99@protonmail.com
118,leilatanaka549's Project 1,analytics,leila.tanaka82@hotmail.com
119,sofiaokonkwo129's Project 1,analytics,sofia.okonkwo99@icloud.com
120,sofiaokonkwo129's Project 2,machine learning,sofia.okonkwo99@icloud.com
121,jacksontaylor423's Project 1,analytics,jackson.taylor87@gmail.com
122,jacksontaylor423's Project 2,analytics,jackson.taylor87@gmail.com
123,aidenbrown857's Project 1,analytics,aiden.brown40@protonmail.com
124,zoesmith767's Project 1,machine learning,zoe.smith85@gmail.com
125,zoesmith767's Project 2,machine learning,zoe.smith85@gmail.com
126,avataylor761's Project 1,field research,ava.taylor86@hotmail.com
127,avataylor761's Project 2,field research,ava.taylor86@hotmail.com
128,loganwilliams752's Project 1,analytics,logan.williams65@protonmail.com
129,loganwilliams752's Project 2,analytics,logan.williams65@protonmail.com
130,carlosmuller813's Project 1,field research,carlos.muller30@protonmail.com
131,carlosmuller813's Project 2,analytics,carlos.muller30@protonmail.com
132,miadubois451's Project 1,field research,mia.dubois81@icloud.com
133,isabellahassan666's Project 1,machine learning,isabella.hassan9@protonmail.com
134,isabellahassan666's Project 2,analytics,isabella.hassan9@protonmail.com
135,emmataylor142's Project 1,machine learning,emma.taylor39@gmail.com
136,aidenmartin928's Project 1,field research,aiden.martin91@outlook.com
137,alijackson580's Project 1,machine learning,ali.jackson94@gmail.com
138,alijackson580's Project 2,field research,ali.jackson94@gmail.com
139,avabrown65's Project 1,machine learning,ava.brown5@outlook.com
140,avabrown65's Project 2,field research,ava.brown5@outlook.com
141,jacksonmuller680's Project 1,analytics,jackson.muller14@gmail.com
142,jacksonmuller680's Project 2,machine learning,jackson.muller14@gmail.com
143,masonpatel631's Project 1,machine learning,mason.patel84@yahoo.com
144,junali759's Project 1,field research,jun.ali93@protonmail.com
145,diegodiallo801's Project 1,analytics,diego.diallo82@gmail.com
146,diegodiallo801's Project 2,analytics,diego.diallo82@gmail.com
147,alihassan199's Project 1,machine learning,ali.hassan60@protonmail.com
148,alihassan199's Project 2,machine learning,ali.hassan60@protonmail.com
