Project_ID,Identifier
100,{B4829C41-1361-41A4-A24C-DC40305DC71B}
81,015-BFS-2014Q1-04
110,015-DO-020
56,015-DO-036
39,0442ba45-4990-4310-9989-f114758fd567
136,046e5b6a-0f90-4f8e-8c16-14057fd8872e
126,0a53acaf-5ec2-47ba-8867-a7de9d9c5e25
33,10.15482/USDA.ADC/1178143
139,10.15482/USDA.ADC/1178144
29,10.15482/USDA.ADC/1324304
132,10.15482/USDA.ADC/1409034
28,10.15482/USDA.ADC/25343293.v1
5,10.5067/CAQ58H42LQY2
47,10.7265/a98x-0f50
40,10.7265/N57D2S3M
110,10113/AA22726
115,10113/AA5880
21,10113/AA6567
130,11c83d84-83c1-4310-963f-2134f953943b
82,1496
16,22fe57da-f5b8-4c52-90ea-b10591a66f90
5,2a78ac8a-4d81-4e5c-a4d8-52536cdda2de
32,2a78ac8a-4d81-4e5c-a4d8-52536cdda2de
127,2a78ac8a-4d81-4e5c-a4d8-52536cdda2de
134,2b3df818-601e-4f06-b150-643557229491
49,2b7ec03d-67dc-4544-b1d6-b9aa02f693c6
135,382f80ed-5dc5-4f65-971c-99be1ce4cf2d
102,455
125,455
57,4a9a896a-e64e-48c2-bb35-5589f80e7c52
122,4ac6fe16-957d-4e2b-bbcb-1680c9f6939c
9,4ce59b20-8ee5-4285-9f4b-f864873a2e06
138,4e5ad36d-de08-4938-88fc-24dabaa70bce
86,547
59,576e09ef-3672-427f-b207-c16554cb6520
37,5b18c198-474c-4723-b735-cc5220ad43cc
91,5f653b2a-4c7e-44b3-9fc2-05ba460b76e0
19,617db889-3907-4429-aa64-b4747156d437
72,7
74,765D70B8-0151-4BB7-8D60-5AAD5989940C
98,7684a3fe-8072-4b2c-9fff-23a0c76079a3
86,82e5b18d-d14e-47c4-be3d-03360fe3d82f
95,8ab03039-617f-469d-bf37-b4f844372945
128,8D1F4382-424A-492E-8D2E-ADC046140BBB
79,918e71f9-30c4-4abe-84b3-0474c64571b8
95,92.0
135,92.0
148,92615-00000-7
118,99f89749-f77f-4d0f-a415-8c7b633bac1f
44,9adfa6a1-07cf-4a5c-ae9d-5e495a77381b
100,9adfa6a1-07cf-4a5c-ae9d-5e495a77381b
94,9c4eab3b-e05d-4af8-ad18-76e4c1a71a74
60,a8f9b63d-e28e-4a36-8ec3-aeb0e7e1559d
119,annual_37_183_0021_2017
105,ark:/88434/mds2-2124
108,ark:/88434/mds2-2635
34,b9c8ce91-40ff-4ad3-8164-bc17c46afb44
108,C1220566204-USGS_LTA
50,C1220567672-USGS_LTA
10,c1e25290-2a81-4584-9c8e-9c21512c252a
89,c37c5f79-a2cc-40e4-a69d-45dbceb773e3
84,c9783b15-82ca-472e-9874-c9b690881fcc
96,cpd-incidents
28,d9f3932a-9c55-41b3-ad3a-0b4e18ee4752
22,DOE-019-1296988438
36,DOE-019-3988165895
91,DOE-019-540445673
122,DOE-019-540445739
140,DOE-019-6992338902
16,DOE-019-IEDAD-COLLECTION1
25,DOE-019-IEDAD-COLLECTION1
55,DOT-678
84,DOT-678
93,e2ce0d2f-07c5-5213-947a-31e19bc649f6
61,EBSA-11-012:019-104
148,ECBCC1C1301D2ED9E04306570681B10735
31,ECBCC1C130222ED9E04306570681B10740
38,ECBCC1C130222ED9E04306570681B10740
37,ECBCC1C1302A2ED9E04306570681B10748
125,ed15583e-8ed9-451c-9724-5b98bde9f068
146,ee7073db-55c0-46b0-b831-1c659fe7137d
20,ETA-5-012:017-535
104,f22c9b6a-e68a-445a-ae44-1441b2f698ab
123,fb7cc429-69d2-4424-b287-68855af600ff
92,FEMA-02257
125,FEMA-0381
67,FHFA8012
56,FHFA8590
131,FHFA903
32,FRBC0014
2,FRBCNA59
137,GSA-2021-01-08-01
90,GSA-2022-09-30-07
63,http://api.census.gov/data/id/PEPNATMONTHLY2015
32,http://datainventory.doi.gov/id/dataset/FWS_ServCat_165519
45,http://datainventory.doi.gov/id/dataset/NPS_DataStore_2220633
114,http://datainventory.doi.gov/id/dataset/NPS_DataStore_2304495
47,http://datainventory.doi.gov/id/dataset/NPS_DataStore_2317085
118,http://datainventory.doi.gov/id/dataset/USGS_0a826d65-fb83-4da0-86cb-91002d0b1ddf
137,http://datainventory.doi.gov/id/dataset/USGS_58068050e4b0824b2d1d415d
75,http://datainventory.doi.gov/id/dataset/USGS_5a133f8ae4b09fc93dce6552
41,https://api.census.gov/data/id/ACSST1Y2015
129,https://api.census.gov/data/id/CPSARTSBENCH202002
65,https://api.census.gov/data/id/CPSASEC2025
143,https://api.census.gov/data/id/CPSASEC2025
8,https://api.trade.gov/data/id/ITA-0069
21,https://blm-egis.maps.arcgis.com/home/item.html?id=5037ae54c642469ebba593be837d8382&sublayer=32
119,https://blm-egis.maps.arcgis.com/home/item.html?id=abec5ef96dc8495d9c29a01b30cc04ee&sublayer=0
145,https://data.austintexas.gov/api/views/4kn4-2437
63,https://data.austintexas.gov/api/views/8w53-c4f6
138,https://data.austintexas.gov/api/views/8w53-c4f6
26,https://data.austintexas.gov/api/views/cb3v-iep4
78,https://data.austintexas.gov/api/views/dvwk-533c
120,https://data.austintexas.gov/api/views/nui6-x374
7,https://data.austintexas.gov/api/views/xad4-d2x2
133,https://data.bloomington.in.gov/api/views/tmwq-9djy
11,https://data.cdc.gov/api/views/e2d5-ggg7
90,https://data.cdc.gov/api/views/jiwm-ppbh
15,https://data.cdc.gov/api/views/k5bc-k3g8
53,https://data.cdc.gov/api/views/swc5-untb
114,https://data.cityofchicago.org/api/views/bynn-gwxy
77,https://data.cityofchicago.org/api/views/u9xt-hiju
73,https://data.cityofnewyork.us/api/views/43nn-pn8j
119,https://data.cityofnewyork.us/api/views/4mhf-duep
101,https://data.cityofnewyork.us/api/views/gqq2-hgxd
50,https://data.cityofnewyork.us/api/views/nzjr-3966
146,https://data.cityofnewyork.us/api/views/pe54-wf39
53,https://data.cityofnewyork.us/api/views/pmsy-ewrc
42,https://data.cityofnewyork.us/api/views/qgea-i56i
35,https://data.cityofnewyork.us/api/views/rsgh-akpg
124,https://data.cityofnewyork.us/api/views/v57i-gtxb
116,https://data.cityofnewyork.us/api/views/w3wp-dpdi
27,https://data.cityofnewyork.us/api/views/w65z-zif5
66,https://data.cms.gov/data-api/v1/dataset/14d8e8a9-7e9b-4370-a044-bf97c46b4b44/data-viewer
64,https://data.cms.gov/data-api/v1/dataset/4bcae866-3411-439a-b762-90a6187c194b/data-viewer
34,https://data.cms.gov/data-api/v1/dataset/76a714ad-3a2c-43ac-b76d-9dadf8f7d890/data-viewer
50,https://data.cms.gov/data-api/v1/dataset/86b4807a-d63a-44be-bfdf-ffd398d5e623/data-viewer
69,https://data.cms.gov/data-api/v1/dataset/9767cb68-8ea9-4f0b-8179-9431abc89f11/data-viewer
48,https://data.ct.gov/api/views/5mzw-sjtu
105,https://data.ct.gov/api/views/ah3s-bes7
53,https://data.ct.gov/api/views/emyx-j53e
75,https://data.ct.gov/api/views/imqd-at3c
34,https://data.ct.gov/api/views/jyg4-yu7v
55,https://data.ct.gov/api/views/krqq-6qhc
141,https://data.ct.gov/api/views/xf6g-659c
10,https://data.iowa.gov/api/views/gckp-fe7r
16,https://data.iowa.gov/api/views/gckp-fe7r
132,https://data.iowa.gov/api/views/gckp-fe7r
25,https://data.iowa.gov/api/views/m3tr-qhgy
107,https://data.iowa.gov/api/views/qu5a-5eu4
30,https://data.lacity.org/api/views/29fd-3paw
70,https://data.lacity.org/api/views/29fd-3paw
46,https://data.lacity.org/api/views/63jg-8b9z
99,https://data.lacity.org/api/views/r4ka-x5je
22,https://data.lacity.org/api/views/yru6-6re4
24,https://data.mo.gov/api/views/fenu-sipv
147,https://data.nola.gov/api/views/b64f-vr88
103,https://data.nola.gov/api/views/es9j-6y5d
121,https://data.nola.gov/api/views/es9j-6y5d
49,https://data.nola.gov/api/views/j3gz-62a2
88,https://data.ny.gov/api/views/2ucp-7wg5
97,https://data.ny.gov/api/views/5wq4-mkjj
44,https://data.ny.gov/api/views/e2u6-bmnn
126,https://data.ny.gov/api/views/fgvt-qr4i
141,https://data.ny.gov/api/views/fn46-66ir
144,https://data.ny.gov/api/views/fn46-66ir
128,https://data.ny.gov/api/views/juva-r6g2
131,https://data.ny.gov/api/views/n2pf-h43s
43,https://data.ny.gov/api/views/tgiq-jafi
17,https://data.ny.gov/api/views/tk82-7km5
13,https://data.ny.gov/api/views/uv5h-dfhp
111,https://data.openei.org/submissions/178
69,https://data.openei.org/submissions/276
11,https://data.openei.org/submissions/2981
5,https://data.openei.org/submissions/5974
71,https://data.openei.org/submissions/6460
20,https://data.openei.org/submissions/738
85,https://data.openei.org/submissions/8228
69,https://data.openei.org/submissions/8342
52,https://data.oregon.gov/api/views/fbwv-q84y
134,https://data.oregon.gov/api/views/g77e-6bhs
87,https://data.oregon.gov/api/views/p9yn-ftai
106,https://data.oregon.gov/api/views/tckn-sxa6
60,https://data.sfgov.org/api/views/9tj4-z32q
80,https://data.sfgov.org/api/views/9tj4-z32q
70,https://data.sfgov.org/api/views/gnap-fj3t
111,https://data.sfgov.org/api/views/m8hk-2ipk
61,https://data.sfgov.org/api/views/nuek-vuh3
113,https://data.sfgov.org/api/views/rkru-6vcg
19,https://data.transportation.gov/api/views/3qgg-2u2a
26,https://data.transportation.gov/api/views/3qgg-2u2a
102,https://data.transportation.gov/api/views/98fi-ujit
56,https://data.transportation.gov/api/views/byy5-w977
23,https://data.transportation.gov/api/views/e5cn-ri8q
137,https://data.transportation.gov/api/views/h77j-murt
40,https://data.transportation.gov/api/views/keg4-3bc2
72,https://data.transportation.gov/api/views/tcq5-4pgu
76,https://data.transportation.gov/api/views/tcq5-4pgu
6,https://data.transportation.gov/api/views/uyr2-7q4x
136,https://data.transportation.gov/api/views/xp92-5xme
12,https://data.transportation.gov/api/views/y5ut-ibwt
23,https://data.wa.gov/api/views/3d5d-sdqb
78,https://data.wa.gov/api/views/fysr-7kwx
3,https://data.wa.gov/api/views/s66s-4ves
83,https://data.wa.gov/api/views/tfs4-sdfn
61,https://datacatalog.cookcountyil.gov/api/views/xu6t-uvny
76,https://datadiscovery.nlm.nih.gov/api/views/4jy8-nv98
10,https://datadiscovery.nlm.nih.gov/api/views/aq5x-f2xa
36,https://datadiscovery.nlm.nih.gov/api/views/crzr-uvwg
77,https://datadiscovery.nlm.nih.gov/api/views/eef4-55cr
82,https://datadiscovery.nlm.nih.gov/api/views/r48h-qc9c
7,https://datadiscovery.nlm.nih.gov/api/views/vp23-ayt5
67,https://datadiscovery.nlm.nih.gov/api/views/wm3j-izuq
92,https://datahub-v2.arlingtonva.us/api/RealEstate/SalesHistory
8,https://datainventory.usbr.gov/rise/item/7
4,https://doi.org/10.23719/1390141
22,https://doi.org/10.23719/1520443
51,https://doi.org/10.23719/1524744
13,https://doi.org/10.23719/1527730
30,https://doi.org/10.23719/1531141
96,https://doi.org/10.23719/1531948
17,https://doi.org/10.23719/d-73nn
63,https://doi.org/10.23719/d-sj4r
132,https://doi.org/10.23719/d-sj4r
38,https://healthdata.gov/api/views/23fv-qzpu
77,https://healthdata.gov/api/views/7i53-xc4a
14,https://healthdata.gov/api/views/88gj-w5in
11,https://healthdata.gov/api/views/a848-5u6i
64,https://healthdata.gov/api/views/gihz-mcs6
117,https://healthdata.gov/api/views/n7m7-8qpq
42,https://healthdata.gov/api/views/qx9k-eb9i
131,https://opendata.fcc.gov/api/views/78n9-wprc
118,https://opendata.fcc.gov/api/views/nsck-y87u
98,https://opendata.maryland.gov/api/views/28ae-7fxc
95,https://opendata.maryland.gov/api/views/cf8k-mtbu
86,https://www.arcgis.com/home/item.html?id=1a714ebe2aae41b6a5c2dd96fb613733&sublayer=12
144,https://www.arcgis.com/home/item.html?id=2b81faff2018425b9e7b438fb606b8ed
48,https://www.arcgis.com/home/item.html?id=4726274b9bde451ebe679127e50c75ef&sublayer=0
4,https://www.arcgis.com/home/item.html?id=53ebb32c25054536978bbb9b0ff436cf&sublayer=18
115,https://www.arcgis.com/home/item.html?id=586a475ec2b74defa1ac2ec3221a6aaf
13,https://www.arcgis.com/home/item.html?id=6c7fbc5f28c848358874be67ceb76744&sublayer=0
109,https://www.arcgis.com/home/item.html?id=718497a94a15450d8d48b51625dc330f
105,https://www.arcgis.com/home/item.html?id=7b632f79d9e8404299d7083b891e8ad2
142,https://www.arcgis.com/home/item.html?id=847db1a51b0c4bb0a3663bcbce32ccb1&sublayer=63
35,https://www.arcgis.com/home/item.html?id=9064a3cff7564a1bb2f0288db71767bd&sublayer=3
35,https://www.arcgis.com/home/item.html?id=92c87016044546c78167ccae71efc7bc&sublayer=11
135,https://www.arcgis.com/home/item.html?id=a3ed163dbf994792a010d742ef1f683d&sublayer=6
62,https://www.arcgis.com/home/item.html?id=b1db18de82434dcda9f96ea49d079e6a&sublayer=25
68,https://www.arcgis.com/home/item.html?id=b1db18de82434dcda9f96ea49d079e6a&sublayer=25
120,https://www.arcgis.com/home/item.html?id=c973f1d0e9d14279934b8c3961e6a513&sublayer=4
91,https://www.arcgis.com/home/item.html?id=d2937ee4e83140559d94080237a6e84c
60,https://www.arcgis.com/home/item.html?id=d589210147204f0286289d1636aa86ed&sublayer=0
112,https://www.arcgis.com/home/item.html?id=fbe1acb8e218423dae6cb2b846ba0c88&sublayer=0
123,https://www.bea.gov/tourism-satellite-accounts-data-sheets
38,https://www.data.va.gov/api/views/74ts-jsvb
40,https://www.data.va.gov/api/views/74ts-jsvb
21,https://www.sec.gov/node/86016
17,https://www.sec.gov/node/92751
58,https://www.sec.gov/node/92751
80,HUD017
74,ICE-PFR-NonDetainedDocketPopulation
54,MGMT-GMO-HIFLD-306049
128,MGMT-GMO-HIFLD-401937
82,MGMT-GMO-HIFLD-473354
143,MGMT-GMO-HIFLD-835338
23,MGMT-GMO-HIFLD-905606
18,MSHA-19-012:030-175
93,MSHA-19-012:030-179
25,MSHA-19-012:030-185
100,MSHA-19-012:030-185
30,NARA-4794
59,NARA-AAD
70,NARA-AAD
1,NASA-0000110
114,ngp:f65bb25a-5fa4-496b-806d-1caab269d754
123,NRCS0061
94,ODP-PFW-API
140,omb-brd-0001
28,SOCMED
24,TSA-bb24d82d-86d5-4823-9291-95d657971217
62,US-GOV-SSA-338
6,US-GOV-SSA-530
107,USDA-ERS-00086
74,USDA-ERS-26071
37,USDA-ERS-26471
79,USDA-ERS-29151
130,USDA-FNS-00010
24,USDA-FNS-124
43,usda-fsis-006
42,USDA-NASS-00004
129,VA-NCA-CSD-001
84,WHD-16-012:027-381
